Islem_Zamani,Sembol,Sinyal,Kasa_Tipi,Giris_RSI,Giris_Vol_Oran,Giris_ATR_Pct,Giris_Fiyat,Cikis_Fiyat,Kar_Orani,Net_Kar_USDT,Cikis_Tipi,Sure_Saat
2026-09-21 00:41:56.042043,SUI/USDT,MSB,NORMAL,68.32678435830475,3.250080701643295,1.2739865848642877,0.918510138248848,0.9348,1.5701655194482462,0.15663658500000024,DİNAMİK KISMİ KÂR,0.45
2026-09-21 00:43:38.157116,HBAR/USDT,MSB,BALİNA,63.801219549062644,3.794821136881681,0.9760398007328277,0.08809,0.0865,-2.001166049298637,-0.8011238599999984,🛑 STOP LOSS (%-2.0),0.29
2026-09-21 00:50:16.842475,SUI/USDT,MSB,NORMAL,68.32678435830475,3.250080701643295,1.2739865848642877,0.918510138248848,0.9294,0.9834315722884133,0.09810517500000114,📈 TREND TAKİPLİ ÇIKIŞ,0.59
2026-09-21 01:27:50.600575,STRK/USDT,MSB,NORMAL,64.6880575081037,2.5807133009033363,1.6771095393429085,0.05012,0.048747847682119205,-2.932064275634396,-0.5869958868662225,🛑 STOP LOSS (%-2.5),0.05
2026-09-21 01:56:36.941677,CAKE/USDT,MSB,NORMAL,63.80587968645756,2.7082139227618423,0.8378764631709871,2.519,2.5485202020202022,0.9697599668367382,0.09695488340909184,📈 TREND TAKİPLİ ÇIKIŞ,7.49
2026-09-21 09:49:50.905133,FET/USDT,MSB,NORMAL,66.42114007363396,2.538556185558661,1.1987367746440862,0.1874,0.189,0.6522826159966071,0.13055812000000203,🔒 KÂR KİLİDİ (+%1),1.11
2026-09-21 11:00:19.060361,SEI/USDT,MSB,NORMAL,72.4374587769927,2.5097984549521,1.3894877442991758,0.05995,0.06368,6.009620071338177,0.6017228345000007,🚀 MOON BAG (%50 VURKAÇ),0.36
2026-09-21 11:09:28.680411,SEI/USDT,MSB,NORMAL,72.4374587769927,2.5097984549521,1.3894877442991758,0.05995,0.06282,4.577957488716448,0.4583753254999994,📈 TREND TAKİPLİ ÇIKIŞ,0.52
2026-09-21 11:36:14.831607,TAO/USDT,MSB,NORMAL,74.17112809073778,2.5364691022495456,1.126721760792374,278.3,284.1,1.8801177263268691,0.18802984000000156,DİNAMİK KISMİ KÂR,2.95
2026-09-21 11:55:49.104301,XPL/USDT,MSB,NORMAL,77.40519066700145,2.598455701677805,1.6089656899433813,0.10275,0.10035,-2.5308997571771137,-0.5063029499999967,🛑 STOP LOSS (%-2.5),0.78
2026-09-21 13:10:02.047930,PROVE/USDT,MSB,NORMAL,81.97599824978967,2.821308994585729,2.426531877983906,0.2787,0.2697,-3.422626888719446,-0.686529959999997,🛑 STOP LOSS (%-3.6),0.01
2026-09-21 14:06:08.984912,TAO/USDT,MSB,NORMAL,74.17112809073778,2.5364691022495456,1.126721760792374,278.3,281.2,0.840158763263334,0.08402395000000072,📈 TREND TAKİPLİ ÇIKIŞ,5.44
2026-09-21 15:00:28.581852,PEPE/USDT,MSB,NORMAL,84.45795834377213,2.681049628608995,1.5302761673424745,4.65e-06,4.78e-06,2.5903129128935714,0.25929030637500133,DİNAMİK KISMİ KÂR,0.1
2026-09-21 15:05:50.683264,PEPE/USDT,MSB,NORMAL,84.45795834377213,2.681049628608995,1.5302761673424745,4.65e-06,4.79e-06,2.8049369984854002,0.28077417600000143,📈 TREND TAKİPLİ ÇIKIŞ,0.19
2026-09-21 15:21:27.344712,FET/USDT,MSB,NORMAL,74.86574024326711,2.525820521154568,1.5430470973450952,0.2041,0.1994,-2.4979919639400205,-0.49963264999999835,🛑 STOP LOSS (%-2.5),1.45
2026-09-21 16:32:42.775204,PENGU/USDT,MSB,NORMAL,74.08996803588992,2.6339418193991992,1.4602534207484439,0.008924,0.008716,-2.525936636201083,-0.5058848799999982,🛑 STOP LOSS (%-2.5),0.36
2026-09-21 16:42:29.873370,RENDER/USDT,MSB,NORMAL,68.44312448411888,3.3087876866181207,1.1691709640253523,1.784,1.795,0.41555977654633053,0.08318941000000138,⏳ ZAMAN AŞIMI,4.0
2026-09-21 20:34:27.621687,TAO/USDT,MSB,NORMAL,71.06365901016149,3.5345994682695645,1.4170420677147202,301.9,309.8,2.411732024186496,0.24124273000000163,DİNAMİK KISMİ KÂR,0.61
2026-09-21 20:40:27.028312,TAO/USDT,MSB,NORMAL,71.06365901016149,3.5345994682695645,1.4170420677147202,301.9,305.5,0.9902651174595656,0.09905506000000126,📈 TREND TAKİPLİ ÇIKIŞ,0.71
2026-09-22 01:01:05.437930,SUI/USDT,MSB,NORMAL,72.89627442840045,2.6639801347341128,1.0710270832052535,1.0686,1.0445,-2.4505814230687784,-0.4901849699999977,🛑 STOP LOSS (%-2.5),0.38
2026-09-22 02:54:39.357941,PHA/USDT,MSB,NORMAL,62.145141663959805,2.775217282476513,2.911333763357386,0.0533,0.0533,-0.19980019980018376,-0.03986839999999679,🔒 KÂR KİLİDİ (+%1),0.28
2026-09-22 04:28:02.274199,MUBARAK/USDT,MSB,NORMAL,77.46518498459402,2.71163929424084,1.925096281156716,0.04804,0.05063,5.18076844055197,0.5194423050000014,🚀 MOON BAG (%50 VURKAÇ),0.26
2026-09-22 04:34:49.114403,DOGE/USDT,MSB,NORMAL,73.11462579915002,2.5104902414954786,1.4144523245208267,0.10501,0.10256,-2.5282497713694725,-0.5049382999999996,🛑 STOP LOSS (%-2.5),0.51
2026-09-22 04:48:10.054426,MUBARAK/USDT,MSB,NORMAL,77.46518498459402,2.71163929424084,1.925096281156716,0.04804,0.05231,8.6708670180777,0.8693720250000022,📈 TREND TAKİPLİ ÇIKIŞ,0.6
2026-09-22 04:50:17.365305,SHIB/USDT,MSB,NORMAL,66.96863233667132,3.7392826246944533,1.249888536265492,6.22e-06,6.063252550107e-06,-2.7148205884646868,-0.5435070676794461,🛑 STOP LOSS (%-2.5),0.76
2026-09-22 04:56:03.225461,PENGU/USDT,MSB,NORMAL,62.859556028869434,2.600938972635838,1.3365321267841426,0.009008,0.0088,-2.504245310639618,-0.5015195679999983,🛑 STOP LOSS (%-2.5),0.71
2026-09-22 06:25:12.444350,SAGA/USDT,MSB,NORMAL,66.06086425678795,2.5018830841543016,2.425905603138612,0.04155,0.04415,6.045218319586578,0.6050662950000026,DİNAMİK KISMİ KÂR,0.78
2026-09-22 06:25:22.872846,SAGA/USDT,MSB,NORMAL,66.06086425678795,2.5018830841543016,2.425905603138612,0.04155,0.04346,4.3878864817493115,0.43918384350000134,📈 TREND TAKİPLİ ÇIKIŞ,0.78
2026-09-22 08:02:22.196644,MARSCOIN/USDT,MSB,NORMAL,71.95053507785755,2.5492125985907723,2.060422971637216,0.1094,0.1125,2.6281762113572196,0.26305834000000206,DİNAMİK KISMİ KÂR,0.11
2026-09-22 08:55:29.680570,MARSCOIN/USDT,MSB,NORMAL,71.95053507785755,2.5492125985907723,2.060422971637216,0.1094,0.1172,6.915753350853921,0.6922087600000021,📈 TREND TAKİPLİ ÇIKIŞ,1.0
2026-09-22 10:24:39.551551,HBAR/USDT,MSB,NORMAL,67.58633319872598,3.5337564204810192,0.9284246724017007,0.09565,0.09344,-2.505690859062519,-0.5014098099999984,🛑 STOP LOSS (%-2.5),2.28
2026-09-22 11:31:50.732205,FET/USDT,MSB,NORMAL,67.23664356920337,2.5852592991648318,1.2018512919008721,0.2079,0.2063,-0.9678633055256269,-0.19376603999999673,💤 MOMENTUM ÖLDÜ (YATAY REJİM),2.83
2026-09-22 11:33:34.638719,FORM/USDT,MSB,NORMAL,62.17554059955866,2.835554152160098,2.467122583832519,0.3306,0.3175,-4.154375569983552,-0.8303852399999992,🛑 STOP LOSS (%-3.7),0.74
2026-09-23 05:58:41.027993,ZAMA/USDT,MSB,NORMAL,73.12072905875105,2.678133456170849,1.9221988748573924,0.10741,0.1044,-2.996547256858207,-0.5992566599999984,🛑 STOP LOSS (%-2.9),0.07
2026-09-23 06:33:40.747892,ZRO/USDT,MSB,NORMAL,69.4261437041212,2.5244776685453916,1.2890811516628182,1.461,1.426,-2.5906331861157326,-0.5186730300000001,🛑 STOP LOSS (%-2.5),0.35
2026-09-23 07:30:27.010911,BONK/USDT,MSB,NORMAL,76.99795390381358,2.525026457550347,1.8316558196329928,4.03e-06,4.12e-06,2.0289883813456986,0.20310173057499975,DİNAMİK KISMİ KÂR,0.78
2026-09-23 07:33:52.507802,BONK/USDT,MSB,NORMAL,76.99795390381358,2.525026457550347,1.8316558196329928,4.03e-06,4.063334249058e-06,0.6256997297725114,0.06263254097730331,📈 TREND TAKİPLİ ÇIKIŞ,0.84
2026-09-23 08:54:37.112954,TIA/USDT,MSB,NORMAL,69.57187146726106,2.53887572316462,1.4181394030420962,0.5298500132450331,0.5173,-2.5636650635163374,-0.513292913000002,🛑 STOP LOSS (%-2.5),0.47
2026-09-23 13:38:36.791847,SOXLB/USDT,MSB,BALİNA,56.10368342368502,7.052539090074263,0.7028272391751983,149.19,146.17164179104478,-2.2189218052851722,-0.8880769199999958,🛑 STOP LOSS (%-2.0),0.18
2026-09-23 13:43:44.584292,SNDKB/USDT,MSB,NORMAL,66.04749503098213,3.026023194171399,0.3796092550426859,1894.74,1847.49,-2.688563534378783,-0.5354184149999983,🛑 STOP LOSS (%-2.5),0.25
2026-09-23 14:10:40.928284,DASH/USDT,MSB,NORMAL,69.21357818259341,2.928398001258177,1.2020270193870368,64.85,63.25,-2.6621027392037275,-0.5322547999999971,🛑 STOP LOSS (%-2.5),0.44
2026-09-25 11:50:08.907049,ENA/USDT,MSB,NORMAL,75.96329815127902,2.5673114832951933,1.2100316605365637,0.23574500883912788,0.2393,1.3051683672547771,0.13066671550000108,DİNAMİK KISMİ KÂR,0.72
2026-09-25 12:13:14.287346,SUI/USDT,MSB,NORMAL,85.95647968361203,3.259636121051096,1.195701952620298,1.1208,1.1425,1.7324484936904816,0.17298663000000175,DİNAMİK KISMİ KÂR,0.79
2026-09-25 12:14:05.255070,SUI/USDT,MSB,NORMAL,85.95647968361203,3.259636121051096,1.195701952620298,1.1208,1.1322,0.8152981921718752,0.08140830000000213,📈 TREND TAKİPLİ ÇIKIŞ,0.81
2026-09-25 12:16:05.896999,ENA/USDT,MSB,NORMAL,75.96329815127902,2.5673114832951933,1.2100316605365637,0.23574500883912788,0.2385,0.9664966802768973,0.09676065549999992,📈 TREND TAKİPLİ ÇIKIŞ,1.15
