Ts,Sinyal_Zamani,Sembol,Sebep,Sinyal,Fiyat,Giris_RSI,Giris_Vol_Oran,Giris_ATR_Pct,Pump_3s,Pump_6s,Zirve_Uzaklik,EMA1h_Uzaklik,EMA15m_Uzaklik,BTC_1h_Degisim,BTC_EMA_Uzaklik,Saat,Gun,Stop_Sayisi,Sym_ADX,BTC_ADX,AI_Skor,Filtre_Skor,Sanal_Sonuc_Pct,Max_Kar_Pct,Min_Kar_Pct,Kapali_Mum_Onay,OB_Oran
1789582107542,2026-09-16 18:08:27.542762,ARB/USDT,TEK_ALIM_KURALI,MSB,0.1613,55.31539343535487,2.5152734371071217,1.9533501437032443,-0.06195786864930941,-2.0643594414086253,7.245543415756182,3.2377853619033115,1.4626622983934467,1.062579215408599,0.03814102060966107,18,2,0,,,0.27308493852615356,0.4343785047531128,1.24,3.162,-2.852,,
1789582109529,2026-09-16 18:08:29.529131,PUMP/USDT,TEK_ALIM_KURALI,MSB,0.003772,69.92039445048347,3.1641352844377635,1.2216801814622413,4.6324549237170665,4.5744385916274055,0.3960918933192454,4.54761377927444,3.39650499744355,1.062579215408599,0.03814102060966107,18,2,1,,,0.21789103746414185,0.6009371280670166,-3.0,0.0,-4.825,,
1789582110107,2026-09-16 18:08:30.107820,NEAR/USDT,TEK_ALIM_KURALI,MSB,2.536,68.59318488394047,3.0871918169194394,1.2364488927450106,3.131354209028059,2.922077922077926,0.392772977219159,4.354391714189609,2.877568205595149,1.062579215408599,0.03814102060966107,18,2,1,,,0.19972124695777893,0.43542197346687317,1.972,2.918,-2.642,,
1789582112039,2026-09-16 18:08:32.039265,ENA/USDT,TEK_ALIM_KURALI,MSB,0.1485,69.50358852888945,4.590719284386929,1.29991436512914,3.3402922755741082,4.06447091800981,0.6024096385542248,3.935054680162242,3.5802068061708825,1.062579215408599,0.03814102060966107,18,2,0,,,0.24062994122505188,0.2609477639198303,-3.0,2.492,-3.232,,
1789648123250,2026-09-17 12:28:43.250245,ENA/USDT,REJIM_YATAY,MSB,0.1526,55.05750624800023,2.972042701889188,0.983477750381785,-0.26143790849672,0.6596306068601621,1.6118633139909573,1.9238055337784887,0.5622577335791412,0.7665097658425601,0.5557406557856082,12,3,0,18.250019703638216,16.36333866361183,0.09489317238330841,0.4503265917301178,2.425,2.621,-1.769,,
1789649798560,2026-09-17 12:56:38.560102,ONDO/USDT,REJIM_YATAY,MSB,0.3593,68.1037989120073,3.311067508248977,0.6823059485406429,2.481460353679399,2.0738636363636376,0.2498611882287651,3.3967906406187742,2.0429498392388057,0.3844172485029107,0.2827763023569796,12,3,1,22.470082071335373,18.70568856970307,0.14949879050254822,0.4240741729736328,4.0,5.399,0.0,,
1789650699712,2026-09-17 13:11:39.712689,ONDO/USDT,REJIM_YATAY,MSB,0.3652,74.69763512076085,3.6044272088794482,1.021474723660887,3.9863325740318922,3.368242287008205,2.561366061899679,4.43877770300396,3.2040663239469858,-0.18224420723770285,0.15640077728469315,13,3,1,27.57727630707012,18.62505442644239,0.9111467003822327,0.2694913148880005,2.327,3.806,-0.52,,
1789651440798,2026-09-17 13:24:00.798776,MARSCOIN/USDT,REJIM_YATAY,MSB,0.1175,68.30402821791183,2.5831100693075437,2.7280366209369347,6.52765185856754,3.524229074889851,0.592216582064303,11.631473229355693,6.789695861747447,-0.514021562203193,0.05247811060435925,13,3,0,18.040396897464447,18.173901190091936,0.6854453682899475,0.30229976773262024,-3.0,0.0,-4.851,,
1789654374423,2026-09-17 14:12:54.423183,ZEC/USDT,REJIM_YATAY,MSB,1407.24,67.50264378170085,3.281706152371341,1.3646380438409957,3.8047888113538653,2.612639546160511,0.8985915492957739,4.735938129289519,2.9976844670480007,0.2766135354745014,0.4047327680035906,14,3,1,16.492131260349424,16.593809045635872,0.20118924975395203,0.34181106090545654,4.0,5.952,-0.316,,
1789654949331,2026-09-17 14:22:29.331860,BCH/USDT,REJIM_YATAY,MSB,239.8,83.99448026890748,3.971688991679221,0.9255711114174521,7.149240393208212,7.969383160738408,0.29106029106028636,7.070401283005023,5.763187171739181,0.5544250765737724,0.43052057001593536,14,3,1,36.649174238460816,15.416263577447268,0.8402588367462158,0.4497288167476654,-3.0,0.0,-3.336,,
1789660702419,2026-09-17 15:58:22.419929,ZEC/USDT,REJIM_YATAY,MSB,1489.34,79.21282767757621,2.5849811794743593,1.4544221473923193,9.775854825275832,9.96795487100728,0.11133467471496189,9.611657896568481,5.969149978621102,0.3497273159581926,0.25889278423023576,15,3,1,25.849827240857937,13.186210990360424,0.7632550597190857,0.30497267842292786,0.141,1.232,-2.47,,
1789661522115,2026-09-17 16:12:02.115040,DASH/USDT,REJIM_YATAY,MSB,61.3,70.36615349443352,2.5325921370867084,1.490763800592024,6.701479547432543,8.055702450202705,0.6321932241854443,6.061206580010214,4.57254120334516,0.4771038107794334,0.1835065328778196,16,3,0,19.902814310333476,12.76044047033048,0.3314363658428192,0.5623865723609924,1.011,1.615,-2.936,,
1789662503794,2026-09-17 16:28:23.794945,ARB/USDT,REJIM_YATAY,MSB,0.1738,71.94515328343664,2.5595679929625947,1.5468187357852585,7.019704433497553,6.429883649724433,2.194710185706239,5.1013375014428375,4.427280484632545,0.30276989135151755,0.15604212058206723,16,3,0,21.934721841140526,12.365083268826226,0.7731971740722656,0.30309826135635376,4.0,6.272,-1.784,,
1789663481638,2026-09-17 16:44:41.638335,NEAR/USDT,REJIM_YATAY,MSB,2.952,70.71798894662867,2.5869433221538367,1.2166015123084122,3.2890132960111895,4.755145493257618,0.13531799729364016,7.359665968696527,2.959991340581758,-0.09950983687108117,0.1471404986200131,16,3,1,29.03612617760911,11.60359698763805,0.14137059450149536,0.49900516867637634,4.0,4.065,-0.915,,
1789664382952,2026-09-17 16:59:42.952423,NEAR/USDT,REJIM_YATAY,MSB,2.974,73.15479720745805,4.322634203326367,1.2510794800500018,3.5876001393242873,5.987170349251603,0.16784155756965066,8.081156996155547,3.360406695191842,-0.06209949699146344,0.20070377271241835,16,3,1,30.728769621535296,10.798492739983454,0.4788453280925751,0.29182037711143494,1.278,3.463,-0.504,,
1789664857349,2026-09-17 17:07:37.349527,AAVE/USDT,REJIM_YATAY,MSB,129.21,74.89190409370549,2.6175647853041557,0.7811948035842929,2.077737399273194,5.057321733474285,0.21623291373851347,4.533316549173505,2.771887313401411,0.19357116447789036,0.39071891901845124,17,3,0,27.653167504332067,10.821710928660744,0.5305924415588379,0.2912610173225403,-0.712,0.549,-2.275,,
1789667891658,2026-09-17 17:58:11.658967,ARB/USDT,REJIM_YATAY,MSB,0.184,79.89820883950685,2.506433575462997,1.7114074873153524,12.195121951219502,10.843373493975905,0.37899296155928863,10.11941819290023,7.687309929371455,-0.0703030195642107,0.1514619944858575,17,3,0,35.560994545015795,10.07962091119071,0.47537827491760254,0.490988552570343,-3.0,0.272,-3.913,,
1789669714486,2026-09-17 18:28:34.486703,MARSCOIN/USDT,REJIM_YATAY,MSB,0.1233,68.2977986150785,2.5173683776010205,2.8799282501858916,9.115044247787619,14.591078066914509,1.281024819855877,12.38427579326351,7.014767572805436,-0.23785514638484662,0.20602014835637839,18,3,0,24.171899857056577,9.003317458632669,0.23412081599235535,0.367788165807724,-3.0,0.973,-4.055,,
1789671581201,2026-09-17 18:59:41.201860,GENIUS/USDT,REJIM_YATAY,MSB,0.3755,59.77113819717087,2.6698959419291546,3.73681207725881,7.255069980005713,-11.438679245283012,17.472527472527474,9.495461747206413,4.096941987076086,-0.11714165492554551,-0.005768171585429638,18,3,0,31.132054068466854,9.57699867343489,0.4095417559146881,0.29035449028015137,4.0,11.771,0.0,,
1789672483866,2026-09-17 19:14:43.866462,GENIUS/USDT,REJIM_YATAY,MSB,0.3985,67.97694813575522,5.766395562668032,3.9864718643576236,16.656908665105384,-0.025087807325641087,12.417582417582416,14.153400460776467,9.108504025932152,-0.1928832368200406,-0.011876620812956151,19,3,0,32.73413155968063,9.905578123182549,0.8542088866233826,0.20860695838928223,-3.0,1.38,-7.102,,
1789685748487,2026-09-17 22:55:48.487719,NEAR/USDT,REJIM_YATAY,MSB,3.108,68.82233510118574,2.5175527170220042,1.3241618551566292,2.0019691499835846,4.470588235294115,0.4484304932735359,7.874178946251353,3.0322721469235647,-0.10187677032972298,-0.24829045196228527,22,3,1,33.164426299975986,13.310502737132435,0.05338156595826149,0.45982733368873596,4.0,6.532,-1.448,,
1789687492186,2026-09-17 23:24:52.186575,PUMP/USDT,REJIM_YATAY,MSB,0.004106,73.47941515379436,2.6296716632477466,0.82293676678836,3.9493670886076027,3.3996474439687896,0.1459143968871578,4.722047647378402,2.988858148487328,0.29146354398219554,-0.03217715353305284,23,3,1,22.704618891085175,12.560596211085995,0.26165294647216797,0.45098578929901123,0.56,1.266,-2.703,,
1789694679232,2026-09-18 01:24:39.232627,ONDO/USDT,REJIM_YATAY,MSB,0.3869,75.61480559289902,2.5837416459694635,0.7984131507528377,5.364923747276684,2.9536987759446465,0.1548387096774166,5.160549740002507,2.715947987769396,0.295925314897727,0.1456626044877396,1,4,1,27.686824923267547,12.858225508119498,0.6413103342056274,0.4041837155818939,-1.086,2.455,-1.602,,
1789695610585,2026-09-18 01:40:10.585799,ARB/USDT,REJIM_YATAY,MSB,0.1902,76.56519223125781,2.6802836772066323,1.5889059827689296,7.5183719615602,8.56164383561644,0.4709576138147484,9.16301743265182,6.087908493780425,0.26011577709932343,0.18889557790504607,1,4,0,24.026832044851325,12.09202536945957,0.8772493004798889,0.3168928623199463,4.0,4.101,0.0,,
1789696515917,2026-09-18 01:55:15.917508,ARB/USDT,REJIM_YATAY,MSB,0.1955,80.9751604835198,3.28578174525402,1.7065355067401156,10.827664399092974,11.396011396011406,1.0627530364372422,11.880768211702165,7.979091566248364,0.1880271575923631,0.3256875017683347,1,4,0,27.27825049582639,12.957675257067176,0.7516371011734009,0.40986189246177673,4.0,4.194,0.0,,
1789697425762,2026-09-18 02:10:25.762255,ARB/USDT,REJIM_YATAY,MSB,0.1988,82.96564928351492,2.525801207402636,1.7513330559350675,13.53512278697886,14.05622489959839,1.0945273631840833,12.174875347109747,8.663233951370852,0.15397779229260333,0.24144471841358595,2,4,0,29.96424145699722,13.59476982820948,0.21728508174419403,0.6119835376739502,4.0,10.664,-0.855,,
1789698139360,2026-09-18 02:22:19.360444,ADA/USDT,REJIM_YATAY,MSB,0.2145,86.62229971453347,2.75369636373028,0.6995382459285499,5.821410952146033,5.769230769230771,0.09315323707499103,5.797835818765029,4.320161558848623,0.2612680496594688,0.39887047457813907,2,4,0,29.30449957616105,14.16045637091392,0.5981715321540833,0.5721341371536255,-0.42,1.352,-1.119,,
1789826158209,2026-09-19 13:55:58.209704,XTZ/USDT,REJIM_YATAY,MSB,0.3614,70.35630985383784,2.6931840831070732,2.3395064738406646,7.399702823179788,3.5233457462045203,8.506329113924055,11.96544126048118,5.9463470627955095,-0.02949711053732429,2.3253455617550767,13,5,0,41.078180011912735,17.01399117066937,0.8859416842460632,0.5390440821647644,-3.0,1.854,-3.154,,
1789827275251,2026-09-19 14:14:35.251549,XTZ/USDT,REJIM_YATAY,MSB,0.3653,72.57803035680185,2.531532880672588,2.5030755896175467,8.333333333333348,3.9556061468412063,7.518987341772153,11.996046553823225,6.558609500913337,0.17857287932550037,2.399181981262566,14,5,0,42.14214484250153,17.98269642554517,0.3955991268157959,0.2572421133518219,4.0,4.708,-1.423,,
1789828175316,2026-09-19 14:29:35.316633,XTZ/USDT,REJIM_YATAY,MSB,0.3803,78.56262588907005,2.7478828727964286,2.649562757470962,15.172622652937617,9.124820659971311,3.7215189873417693,16.062789162436996,9.878312910971253,0.3901242227613899,2.583974166825964,14,5,0,44.53879605044842,19.316273003895176,0.9317420721054077,0.24528738856315613,-3.0,2.393,-4.602,,
1789906935524,2026-09-20 12:22:15.524733,HBAR/USDT,REJIM_YATAY,MSB,0.08252,64.9713835575536,2.7066925842459093,0.7615487503661925,1.1398455693099718,2.3186608803471787,1.633090952437728,1.7671192425476878,1.6128731982801625,0.05419767594492253,0.3863390128413524,12,6,0,20.137961434544412,18.499224239038913,0.1761782020330429,0.5789097547531128,4.0,5.465,-1.6,,
1789909681527,2026-09-20 13:08:01.527968,CAKE/USDT,REJIM_YATAY,MSB,2.527,69.91230933509645,2.841610505150743,1.0514049119885034,3.0587275693311655,4.5510964004964904,0.19747235387045392,3.975802088157465,2.5201151428168034,0.1938052636659915,0.6574611094646077,13,6,1,34.30115422688204,17.56921055530357,0.29386985301971436,0.47566747665405273,-1.82,0.356,-2.928,,
1789910818461,2026-09-20 13:26:58.461087,CAKE/USDT,REJIM_YATAY,MSB,2.509,63.01878318210039,2.5154578515428208,1.0980162910869082,2.157980456026065,5.775716694772348,1.298190401258848,3.3080443488670674,1.5989122044984372,0.24122728158988416,0.5499172882015735,13,6,1,35.76719016885328,17.652314501882127,0.2975519597530365,0.5179219245910645,-1.475,0.399,-2.232,,
1789910902752,2026-09-20 13:28:22.752362,STRK/USDT,REJIM_YATAY,MSB,0.04788,67.24008157669488,2.529599744582925,1.8769590284692443,4.427480916030535,6.946616037525133,0.22921441967076267,6.2933687339313815,4.084928545431588,0.20133587679402876,0.5103032224747839,13,6,0,12.228369163630465,17.652314501882127,0.3014920949935913,0.4594421982765198,-3.0,1.295,-5.013,,
1789911651394,2026-09-20 13:40:51.394502,HBAR/USDT,REJIM_YATAY,MSB,0.0838,69.79203366806853,3.326326456707948,0.9108865997218506,4.293714996888598,2.457513143416068,0.26184241847179,3.087096838235781,2.5576455115084995,0.15929113453989618,0.4481044046599214,13,6,0,28.875497530963784,17.117687661691505,0.2752547562122345,0.5189299583435059,4.0,5.668,0.0,,
1789912559138,2026-09-20 13:55:59.138995,HBAR/USDT,REJIM_YATAY,MSB,0.08543,76.40827670458138,2.536350137404273,0.9961226719782097,6.4548286604361405,4.834949073505945,0.4776328052190048,4.891942465408805,4.019228101134442,0.09642983505804281,0.5501609007326769,13,6,0,32.174660579216656,16.803770818199,0.7598313093185425,0.2672315537929535,4.0,5.338,0.0,,
1789913476843,2026-09-20 14:11:16.843880,HBAR/USDT,REJIM_YATAY,MSB,0.08803,82.86479370752062,3.351345159079604,1.2202055286697793,9.694704049844226,7.301316431009264,0.5872388481084208,7.166427437120149,6.3711570706020515,0.0706302950226334,0.6182068120412332,14,6,0,35.78841952958486,17.886200821539397,0.7502904534339905,0.48724785447120667,-3.0,2.227,-3.306,,
1789917005625,2026-09-20 15:10:05.625937,SAGA/USDT,REJIM_YATAY,MSB,0.03147,72.35687697174279,3.569826829674665,3.2703196039592313,8.704663212435214,12.312633832976449,1.3170272812794095,12.6262108303832,9.385271690397111,0.30275954154761475,0.8447968150810281,15,6,1,24.974380627055915,19.64061689572652,0.9058372378349304,0.19933655858039856,4.0,6.292,-2.701,,
1789965301962,2026-09-21 04:35:01.962315,PROVE/USDT,REJIM_YATAY,MSB,0.252,91.46698263799878,2.5781573256180605,1.2718036935158903,7.784431137724557,10.866695996480424,1.6777214202106792,8.902568195769,5.576665014873372,-0.16734992422364758,0.7204061765835101,4,0,0,56.65152496218655,15.99722956632052,0.5511336922645569,0.3134543299674988,-3.0,2.302,-4.841,1,2.395703493005736
1789965503236,2026-09-21 04:38:23.236225,AVAX/USDT,REJIM_YATAY,MSB,11.57,61.904650376271746,2.534666085108641,1.412439759832462,2.118270079435125,2.5800159588616145,1.9408424442749321,5.77307681817576,2.377266386043253,-0.12274455348660895,0.7649569913730003,4,0,0,17.79996479751139,15.769323016095292,0.3623286783695221,0.5643762350082397,-3.0,0.294,-3.734,0,0.7962313521574026
1789965668716,2026-09-21 04:41:08.716210,PUMP/USDT,REJIM_YATAY,MSB,0.004497,69.31903563002011,2.638222831948606,1.2882042202286863,4.6787709497206675,5.861581920903958,0.022232103156961596,6.141490362991653,3.7363587733257653,-0.09887073783345635,0.7888014435166957,4,0,1,25.33943439242711,15.607492509114309,0.17443329095840454,0.31305283308029175,-3.0,0.511,-3.291,1,0.857645466892181
1789965780528,2026-09-21 04:43:00.528695,SEI/USDT,REJIM_YATAY,MSB,0.05733,77.57163299026796,2.5889222964927434,1.4186171194225552,3.241491085899506,7.018853836102301,0.24360535931790714,9.529387913444198,4.399502865931604,-0.088376078510366,0.7992831588097493,4,0,0,45.73975958351125,15.607492509114309,0.7543229460716248,0.320764422416687,0.07,1.64,-2.686,1,0.28451884947050804
1789966713477,2026-09-21 04:58:33.477323,SEI/USDT,REJIM_YATAY,MSB,0.05687,70.21803161229101,2.6379327081568897,1.4739898766704886,4.29121584448926,6.778069846038304,1.744989633724955,8.74354977381062,3.190742657415524,-0.03727345934422255,0.7791725001436101,4,0,0,47.132114661496075,14.866109438383573,0.6858000755310059,0.4606097340583801,1.319,2.462,-1.899,1,0.9006330904056801
1789971136064,2026-09-21 06:12:16.064232,AR/USDT,REJIM_YATAY,MSB,4.961,64.41820733930385,2.612772863305706,1.8201944849846743,2.7973476999585634,0.4657756176589922,6.201550387596888,5.8556370092825105,3.216825506887311,0.43963794608883333,1.0503024454333376,6,0,0,12.57223784050498,15.758210228369133,0.6660891175270081,0.4464179277420044,4.0,4.394,-1.451,0,1.1146012111504837
1789972037963,2026-09-21 06:27:17.963144,SUI/USDT,REJIM_YATAY,MSB,0.9719,69.78225939003488,2.5164933450402205,1.5105707217597923,3.3386496544391298,2.9991521831284507,0.6643499591169318,7.621481453814849,3.455890057333977,0.249981552307732,1.1585562753082534,6,0,0,27.161433678498568,16.862256459815825,0.3154350221157074,0.5624073147773743,4.0,4.157,-2.593,1,7.991359429763936
1789972039406,2026-09-21 06:27:19.406078,AR/USDT,REJIM_YATAY,MSB,4.926,61.55544353073379,3.657478699040836,1.9775298644295887,2.19917012448132,0.9012699713232486,6.8633011911514386,5.183634467925313,2.2792176979342216,0.249981552307732,1.1585562753082534,6,0,0,15.468173503183994,16.862256459815825,0.2780390679836273,0.3908129036426544,4.0,4.405,-0.264,1,0.7091072592799399
1789974742321,2026-09-21 07:12:22.321243,AR/USDT,REJIM_YATAY,MSB,5.067,69.84301446663379,2.5013177493324736,2.042810952941017,7.374443738080094,5.037313432835822,4.197390811117405,7.249087203960047,4.055188620848127,-0.20003984389128648,0.7653084887656814,7,0,0,20.831414498151695,15.436803413982542,0.49173203110694885,0.5594649314880371,-3.0,2.21,-3.355,0,0.9576117594470086
1789977222857,2026-09-21 07:53:42.857292,RENDER/USDT,REJIM_YATAY,MSB,1.764,63.52022738596646,3.208243441491198,1.1379164474143029,2.9171528588098017,5.187835420393561,1.010101010101011,4.642518582977928,1.681111532938484,-0.04055614962781284,0.8424602732266084,7,0,0,28.2658323187763,13.483237520247078,0.4988548755645752,0.5886779427528381,0.454,2.778,-0.567,1,1.6941308181821315
1789979074256,2026-09-21 08:24:34.256572,TAO/USDT,REJIM_YATAY,MSB,277.9,73.24340339931452,2.519400408728061,1.080001286536388,4.16041979010493,4.986777483944094,0.03597122302159091,4.718201258924748,3.131941015072792,0.7102702097348423,1.523740849762123,8,0,0,32.87039755093618,16.594410055141484,0.44029611349105835,0.31712108850479126,2.807,3.958,-0.972,1,1.2017652305333566
1790080797359,2026-09-22 12:39:57.359457,BCH/USDT,REJIM_YATAY,MSB,294.5,84.02435657055646,9.244254668207816,1.3165754320910499,9.601786378861199,10.881024096385538,0.1694915254237288,9.418190990359987,8.445920639418159,-0.06789292011327719,2.1926343498813283,12,1,1,15.574569887770384,16.100979042325164,0.7363765239715576,0.432186484336853,4.0,5.976,-0.17,0,0.3946068431999334
1790081727544,2026-09-22 12:55:27.544500,BCH/USDT,REJIM_YATAY,MSB,298.4,85.55349770531238,2.638940130975913,1.6420814141008526,9.867452135493359,12.561297623538259,1.9388761091028703,10.698759904499955,8.775456828118312,-0.01763064997785113,2.089447333759753,12,1,1,20.28916992519744,14.970841252390956,0.7675702571868896,0.27514970302581787,4.0,8.043,0.0,1,0.4936811352870703
1790081728458,2026-09-22 12:55:28.458878,BONK/USDT,REJIM_YATAY,MSB,3.57e-06,64.59366231982186,3.0165068613274806,1.6266274812047146,3.4782608695652195,0.5633802816901401,3.5135135135135145,4.137601268413049,3.2300215846753133,-0.01763064997785113,2.089447333759753,12,1,1,26.43866548893674,14.970841252390956,0.7188431024551392,0.5042096972465515,-0.56,1.401,-2.241,1,0.48709758795532865
1790082628299,2026-09-22 13:10:28.299372,BCH/USDT,REJIM_YATAY,MSB,316.7,90.26535832739053,3.05766868259702,1.9248113204288475,17.38324684951815,19.149736644093295,1.493001555209957,15.156141607639938,13.386553240359667,0.2730626558971716,2.2885826537220266,13,1,1,25.24417423908104,14.680236306280069,0.7640668749809265,0.42860642075538635,4.0,4.042,-2.526,1,1.3661943083647827
1790082810158,2026-09-22 13:13:30.158747,WIF/USDT,REJIM_YATAY,MSB,0.269,64.55703391830556,2.559987186343311,2.485684318555513,6.240126382306488,5.655930871956016,3.9628704034273468,7.772625066924044,4.10423854269133,0.22811282523886867,2.2431958041054356,13,1,0,18.06445297536024,14.680236306280069,0.7127716541290283,0.4068527817726135,-3.0,0.0,-4.387,1,1.2297200931125682
1790094052617,2026-09-22 16:20:52.617932,SAGA/USDT,REJIM_YATAY,MSB,0.04006,59.58635126356124,3.9445974436783935,2.5748381613072793,2.7442934085663007,3.38064516129033,10.819234194122892,2.896115112283515,3.8234834063678447,-0.17444612312846886,2.081401085449053,16,1,0,14.04367629959081,10.759562748362164,0.3697012662887573,0.38353994488716125,-3.0,0.0,-3.669,0,1.1920936178804233
1790094355003,2026-09-22 16:25:55.003722,ZRO/USDT,REJIM_YATAY,MSB,1.345,81.3337448855215,4.1836644858975065,1.8341231886765623,8.032128514056215,14.663256606990615,1.2481644640235041,10.580011141542611,7.627255034284008,-0.04230191000657024,2.215157113773958,16,1,1,37.607812653743515,10.759562748362164,0.7658712267875671,0.37012141942977905,4.0,5.204,0.0,1,1.1974207241966348
1790095435632,2026-09-22 16:43:55.632325,ZRO/USDT,REJIM_YATAY,MSB,1.408,86.2423254501097,2.5081363859898236,2.0523133002749034,14.10048622366289,19.93185689948893,0.4946996466431178,15.191363532728964,11.090742761289896,-0.358144598181076,2.205987335764603,16,1,1,40.82754265485562,10.229787732337517,0.28450214862823486,0.49627596139907837,-3.0,0.426,-3.054,1,1.3570723653033485
1790096937202,2026-09-22 17:08:57.202146,DASH/USDT,REJIM_YATAY,MSB,63.79,75.22877894128192,3.500125781231508,1.4034880410799433,6.940486169321036,7.31830417227457,0.32812500000000133,6.298217392299832,6.0469981668073824,0.2754919706674075,2.377636562311891,17,1,0,18.58194616708527,10.301575467804357,0.8053845763206482,0.26298123598098755,-0.564,2.054,-2.618,1,0.9940530432691822
1790115554375,2026-09-22 22:19:14.375882,UNI/USDT,REJIM_YATAY,MSB,9.728,70.24328367962116,2.7193556998190966,1.374109765193166,4.3776824034334805,6.166102804758267,0.48081841432225675,5.908288454844923,3.9692358523544025,-0.09598974130655691,1.8071205696581938,22,1,0,36.779798409415335,9.908075462936342,0.19149212539196014,0.5411295294761658,4.0,4.605,0.0,1,0.7522861487973871
1790116843099,2026-09-22 22:40:43.099100,UNI/USDT,REJIM_YATAY,MSB,10.14,78.77760048999207,2.786885691117069,1.663722602658559,10.217391304347846,10.133594004561752,0.3537735849056563,9.924135907744036,7.483808419963056,0.027920534932857066,1.8754337293611645,22,1,0,40.48412425105627,10.354186727420371,0.8763894438743591,0.3335283398628235,4.0,5.523,-1.657,1,0.11648135342847503
1790117759542,2026-09-22 22:55:59.542826,UNI/USDT,REJIM_YATAY,MSB,10.27,80.72777590508166,3.213408595486309,1.7638704459592516,11.279661935204244,11.460820490557833,0.7729468599033823,11.184191055177362,8.021133235851806,-0.009247655104471786,1.7977296995569159,22,1,0,43.47448454662333,10.207619866219162,0.7753912210464478,0.4816146492958069,4.0,4.187,-2.902,1,0.14573687243607966
1790118351189,2026-09-22 23:05:51.190004,ZEC/USDT,REJIM_YATAY,MSB,1598.79,76.23435260768491,4.120834169711861,1.0315253470601686,5.607371689015128,2.4077632590315146,1.4443170470096574,4.711475216658667,4.096998824609743,0.31280360854464284,1.941230509483094,23,1,1,23.43460174355669,10.583369027471209,0.9543358087539673,0.3100764751434326,0.782,3.203,-0.788,1,0.07657635028713573
1790127751606,2026-09-23 01:42:31.606772,BONK/USDT,REJIM_YATAY,MSB,3.75e-06,69.36594470826158,2.565961675697065,1.470718683429418,4.456824512534818,4.456824512534818,1.315789473684209,5.344246489229998,2.859921116921149,-0.18450092724757727,1.774899358328419,1,2,1,25.199825569731516,17.454163237741085,0.6548944115638733,0.4151284098625183,-3.0,0.267,-4.0,1,0.8893727425833728
1790127866433,2026-09-23 01:44:26.433713,NIL/USDT,REJIM_YATAY,MSB,0.09015,76.00332238961333,3.0943071908242663,2.4836550551149457,15.414159518627567,12.757973733583494,2.1385149804602688,12.69986619378054,7.927054746076512,-0.1434454509919192,1.8163366656492652,1,2,0,29.65598709518689,17.37340171138804,0.9373652338981628,0.32213565707206726,4.0,12.856,-2.329,1,0.5067358288214865
1790132386357,2026-09-23 02:59:46.357959,NIL/USDT,REJIM_YATAY,MSB,0.10114,84.72993395262192,2.6055292177205267,2.987291948751652,23.582600195503424,29.351579485867752,0.5897385492431721,23.463157225575017,15.696246999393493,0.2107328933657504,2.011034131000833,2,2,0,42.256584002985264,17.439655965857984,0.7329782843589783,0.3535307049751282,4.0,6.674,-1.414,0,6.210583602985237
1790334894352,2026-09-25 11:14:54.352593,SUI/USDT,AI_RED,MSB,1.0976,82.48289830030681,2.501619070264976,1.0816760015575477,7.734589713388296,8.791753394786394,0.0,6.987320402494412,5.407183447781905,0.8568215232884979,0.6084229870950031,11,4,1,31.229748918355643,22.155761109365546,0.5561891794204712,0.5562601089477539,4.0,4.391,-0.064,1,1.4803750243650575
